trial_idx,summary_path,oddball_idx,oddball_abstraction,reference_variance,n_dimensions,abstraction_columns,response,answer,n_input_tokens,n_thought_tokens,n_output_tokens
0,data/spirographs/dim1/var1/summaries/summary=trial0.png,3,central_scale,1,2,"central_primitive,central_scale","[1] {This image shows a regular hexagon, while the other five images show regular triangles.}",1,1599,0,0
1,data/spirographs/dim1/var1/summaries/summary=trial1.png,3,central_primitive,1,2,"central_primitive,central_scale","[3] {Image 3 is a pentagon, while all other images are hexagons.}",3,1599,0,0
2,data/spirographs/dim1/var1/summaries/summary=trial2.png,2,central_scale,1,2,"central_primitive,central_scale","[2] {Image 2 is the outlier because it is a hexagon, while the other five images are pentagons.}",2,1599,0,0
3,data/spirographs/dim1/var1/summaries/summary=trial3.png,6,central_scale,1,2,"central_primitive,central_scale",[6] {It is the only image that has a shape with 5 sides. All other images have shapes with 3 sides.},6,1599,0,0
4,data/spirographs/dim1/var1/summaries/summary=trial4.png,1,central_scale,1,2,"central_primitive,central_scale","[1] {All other images are circles, while image 1 is a square rotated by 45 degrees.}",1,1599,0,0
5,data/spirographs/dim1/var1/summaries/summary=trial5.png,2,central_primitive,1,2,"central_primitive,central_scale","[2] {The outlier is a circle, while all other images are hexagons.}",2,1599,0,0
6,data/spirographs/dim1/var1/summaries/summary=trial6.png,5,central_primitive,1,2,"central_primitive,central_scale","[5] {It is a triangle, while all other images are circles.}",5,1599,0,0
7,data/spirographs/dim1/var1/summaries/summary=trial7.png,3,central_primitive,1,2,"central_primitive,central_scale","[3] {Image 3 is a rhombus (a quadrilateral), while the other five images are hexagons (six-sided polygons).}",3,1599,0,0
8,data/spirographs/dim1/var1/summaries/summary=trial8.png,5,central_primitive,1,2,"central_primitive,central_scale","[5] {It is a circle, while the other five images are pentagons.}",5,1599,0,0
9,data/spirographs/dim1/var1/summaries/summary=trial9.png,3,central_scale,1,2,"central_primitive,central_scale","[3] {All other images show smaller shapes, whereas image 3 shows a larger shape.}",3,1599,0,0
10,data/spirographs/dim1/var1/summaries/summary=trial10.png,3,central_primitive,1,2,"central_primitive,central_scale","[3] {All other images show a circle, while image 3 shows a rhombus.}",3,1599,0,0
11,data/spirographs/dim1/var1/summaries/summary=trial11.png,3,central_primitive,1,2,"central_primitive,central_scale",[3] {The image is a rhombus. All other images are triangles.},3,1599,0,0
12,data/spirographs/dim1/var1/summaries/summary=trial12.png,1,central_scale,1,2,"central_primitive,central_scale","[1] {All other images show either a smaller hexagon or a diamond shape, whereas image 1 shows a larger hexagon.}",1,1599,0,0
13,data/spirographs/dim1/var1/summaries/summary=trial13.png,3,central_scale,1,2,"central_primitive,central_scale",[3] {The image is a triangle while the other five images are circles.},3,1599,0,0
14,data/spirographs/dim1/var1/summaries/summary=trial14.png,5,central_primitive,1,2,"central_primitive,central_scale","[5] {Image 5 is a hexagon, while all other images are triangles.}",5,1599,0,0
15,data/spirographs/dim1/var1/summaries/summary=trial15.png,2,central_primitive,1,2,"central_primitive,central_scale","[2] {Image 2 shows a hexagon, which has 6 sides, while all other images show a pentagon, which has 5 sides.}",2,1599,0,0
16,data/spirographs/dim1/var1/summaries/summary=trial16.png,1,central_primitive,1,2,"central_primitive,central_scale","[1] {All other images show a hexagon, while image 1 shows a pentagon.}",1,1599,0,0
17,data/spirographs/dim1/var1/summaries/summary=trial17.png,5,central_scale,1,2,"central_primitive,central_scale","[1] {It is the only image that contains a pentagon, while the others contain circles.}",1,1599,0,0
18,data/spirographs/dim1/var1/summaries/summary=trial18.png,4,central_scale,1,2,"central_primitive,central_scale","[1] {All other images are hexagons, while image 1 is a pentagon.}",1,1599,0,0
19,data/spirographs/dim1/var1/summaries/summary=trial19.png,1,central_primitive,1,2,"central_primitive,central_scale","[1] {All other images show a hexagon, while image 1 shows a triangle.}",1,1599,0,0
20,data/spirographs/dim1/var1/summaries/summary=trial20.png,2,central_primitive,1,2,"central_primitive,central_scale","[2] {Image 2 is a pentagon, while all other images are triangles.}",2,1599,0,0
21,data/spirographs/dim1/var1/summaries/summary=trial21.png,3,central_primitive,1,2,"central_primitive,central_scale","[3] {All other images are circles, while image 3 is a hexagon.}",3,1599,0,0
22,data/spirographs/dim1/var1/summaries/summary=trial22.png,1,central_primitive,1,2,"central_primitive,central_scale","[1] {All other images show a circle, while image 1 shows a rhombus.}",1,1599,0,0
23,data/spirographs/dim1/var1/summaries/summary=trial23.png,4,central_scale,1,2,"central_primitive,central_scale",[1] {It is the only shape that is a perfect regular hexagon. All other images are either pentagons or slightly irregular hexagons.},1,1599,0,0
24,data/spirographs/dim1/var1/summaries/summary=trial24.png,3,central_scale,1,2,"central_primitive,central_scale",[3] {It is the only image that has a thicker outline compared to the others.},3,1599,0,0
